{"count":1,"gauges":{},"self":1.2034567999999999,"total":7.3897029,"children":{"AgentSendState":{"count":17,"self":0.010995399999999999,"total":0.0999523,"children":{"CollectObservations":{"count":25,"self":0,"total":0,"children":null},"AgentInfo.ToProto":{"count":25,"self":0.0019982,"total":0.088956899999999992,"children":{"GenerateSensorData":{"count":25,"self":0.0239932,"total":0.0869587,"children":{"CameraSensor.GetCompressedObservation":{"count":25,"self":0.056969399999999996,"total":0.056969399999999996,"children":null},"RayPerceptionSensor.Perceive":{"count":25,"self":0.0059961,"total":0.0059961,"children":null}}}}}}},"DecideAction":{"count":17,"self":6.0822971999999993,"total":6.0822971,"children":null},"AgentAct":{"count":17,"self":0.0019976,"total":0.0019976,"children":null}}}